Workbook

Sheet Instructions
A1: Lab 10 -- Growth Projection Template
A3: How to use this template:
A5: 1. Open the Inputs tab. Choose your scenario in cell B3 (Best, Expected, or Worst).
A6: 2. Fill in the yellow cells with your team's assumptions for each of the three channels.
A7: 3. Every yellow cell needs a source. Add a comment with the source for each.
A8: 4. Open the Calculations tab. Do NOT edit -- all values are formulas.
A9: 5. Open the Output tab. Review the cumulative users chart and the summary table.
A10: 6. Switch the scenario in B3 of Inputs to see Best / Expected / Worst.
A11: 7. Save the file as growth-projection.xlsx and commit to 04-gtm/financials/
A13: Color conventions used in this workbook:
A14: Blue text = hardcoded input you can change
A15: Black text = formula (do not edit directly)
... A22: Submission: commit growth-projection.xlsx to 04-gtm/financials/ before end of lab.

Sheet Inputs
A1: Inputs
A3: Active Scenario: | B3: Expected | C3: <-- type Best / Expected / Worst here
A5: Three Channels
A6: Channel | B6: Channel Name (rename below) | C6: Type
A7: Channel 1 | B7: [Name your channel 1] | C7: [paid/organic/viral/sales]
A8: Channel 2 | B8: [Name your channel 2] | C8: [paid/organic/viral/sales]
A9: Channel 3 | B9: [Name your channel 3] | C9: [paid/organic/viral/sales]
A11: Monthly Spend per Channel ($) -- by Scenario
A12: Channel | B12: Best Spend $/mo | C12: Expected Spend $/mo | D12: Worst Spend $/mo
A13: Channel 1 | B13: 800 | C13: 500 | D13: 250
A14: Channel 2 | B14: 400 | C14: 200 | D14: 100
A15: Channel 3 | B15: 200 | C15: 100 | D15: 50
A17: Assumptions per Channel (Expected case shown; Best/Worst use multipliers)
A18: Channel | B18: Visitors per $1 spend | C18: Visit -> Signup % | D18: Signup -> Activated % | E18: Activated -> D30 Retained %
A19: Channel 1 | B19: 5 | C19: 0.04 | D19: 0.5 | E19: 0.4
A20: Channel 2 | B20: 8 | C20: 0.1 | D20: 0.55 | E20: 0.45
A21: Channel 3 | B21: 1 | C21: 0.1 | D21: 0.5 | E21: 0.4
A23: Scenario Multipliers (applied to conversion rates)
A24: Scenario | B24: Conversion Multiplier
A25: Best | B25: 1.5
A26: Expected | B26: 1
A27: Worst | B27: 0.5
A29: Lifetime Value Inputs
A30: ARPU per month ($) | B30: 5
A31: Gross Margin (%) | B31: 0.8
A32: Average Lifetime (months) | B32: 8
A34: LTV (calculated) | B34: =B30*B31*B32 -> 32

Sheet Calculations
A1: Calculations -- 6-Month Projection (formulas only, do not edit directly)
A2: Active Scenario: | B2: =Inputs!B3 -> Expected
A3: Active Multiplier: | B3: =IF(B2="Best",Inputs!B25,IF(B2="Worst",Inputs!B27,Inputs!B26)) -> 1
A5: Month | B5: Channel | C5: Spend ($) | D5: Visitors | E5: Signups | F5: Activated | G5: Retained D30 | H5: CAC ($) | I5: LTV ($) | J5: LTV:CAC | K5: Cumulative Users
A6: 1 | B6: =Inputs!B7 -> [Name your channel 1] | C6: =IF($B$2="Best",Inputs!B13,IF($B$2="Worst",Inputs!D13,Inputs!C13)) -> 500 | D6: =C6*Inputs!$B$19 -> 2500 | E6: =D6*Inputs!$C$19*$B$3 -> 100 | F6: =E6*Inputs!$D$19*$B$3 -> 50 | G6: =F6*Inputs!$E$19*$B$3 -> 20 | H6: =IFERROR(C6/E6,0) -> 5 | I6: =Inputs!$B$34 -> 32 | J6: =IFERROR(I6/H6,0) -> 6.4 | K6: =SUM($F$6:F6) -> 50
A7: 1 | B7: =Inputs!B8 -> [Name your channel 2] | C7: =IF($B$2="Best",Inputs!B14,IF($B$2="Worst",Inputs!D14,Inputs!C14)) -> 200 | D7: =C7*Inputs!$B$20 -> 1600 | E7: =D7*Inputs!$C$20*$B$3 -> 160 | F7: =E7*Inputs!$D$20*$B$3 -> 88 | G7: =F7*Inputs!$E$20*$B$3 -> 39.6 | H7: =IFERROR(C7/E7,0) -> 1.25 | I7: =Inputs!$B$34 -> 32 | J7: =IFERROR(I7/H7,0) -> 25.6 | K7: =SUM($F$6:F7) -> 138
A8: 1 | B8: =Inputs!B9 -> [Name your channel 3] | C8: =IF($B$2="Best",Inputs!B15,IF($B$2="Worst",Inputs!D15,Inputs!C15)) -> 100 | D8: =C8*Inputs!$B$21 -> 100 | E8: =D8*Inputs!$C$21*$B$3 -> 10 | F8: =E8*Inputs!$D$21*$B$3 -> 5 | G8: =F8*Inputs!$E$21*$B$3 -> 2 | H8: =IFERROR(C8/E8,0) -> 10 | I8: =Inputs!$B$34 -> 32 | J8: =IFERROR(I8/H8,0) -> 3.2 | K8: =SUM($F$6:F8) -> 143
A9: 2 | B9: =Inputs!B7 -> [Name your channel 1] | C9: =IF($B$2="Best",Inputs!B13,IF($B$2="Worst",Inputs!D13,Inputs!C13)) -> 500 | D9: =C9*Inputs!$B$19 -> 2500 | E9: =D9*Inputs!$C$19*$B$3 -> 100 | F9: =E9*Inputs!$D$19*$B$3 -> 50 | G9: =F9*Inputs!$E$19*$B$3 -> 20 | H9: =IFERROR(C9/E9,0) -> 5 | I9: =Inputs!$B$34 -> 32 | J9: =IFERROR(I9/H9,0) -> 6.4 | K9: =SUM($F$6:F9) -> 193
A10: 2 | B10: =Inputs!B8 -> [Name your channel 2] | C10: =IF($B$2="Best",Inputs!B14,IF($B$2="Worst",Inputs!D14,Inputs!C14)) -> 200 | D10: =C10*Inputs!$B$20 -> 1600 | E10: =D10*Inputs!$C$20*$B$3 -> 160 | F10: =E10*Inputs!$D$20*$B$3 -> 88 | G10: =F10*Inputs!$E$20*$B$3 -> 39.6 | H10: =IFERROR(C10/E10,0) -> 1.25 | I10: =Inputs!$B$34 -> 32 | J10: =IFERROR(I10/H10,0) -> 25.6 | K10: =SUM($F$6:F10) -> 281
A11: 2 | B11: =Inputs!B9 -> [Name your channel 3] | C11: =IF($B$2="Best",Inputs!B15,IF($B$2="Worst",Inputs!D15,Inputs!C15)) -> 100 | D11: =C11*Inputs!$B$21 -> 100 | E11: =D11*Inputs!$C$21*$B$3 -> 10 | F11: =E11*Inputs!$D$21*$B$3 -> 5 | G11: =F11*Inputs!$E$21*$B$3 -> 2 | H11: =IFERROR(C11/E11,0) -> 10 | I11: =Inputs!$B$34 -> 32 | J11: =IFERROR(I11/H11,0) -> 3.2 | K11: =SUM($F$6:F11) -> 286
A12: 3 | B12: =Inputs!B7 -> [Name your channel 1] | C12: =IF($B$2="Best",Inputs!B13,IF($B$2="Worst",Inputs!D13,Inputs!C13)) -> 500 | D12: =C12*Inputs!$B$19 -> 2500 | E12: =D12*Inputs!$C$19*$B$3 -> 100 | F12: =E12*Inputs!$D$19*$B$3 -> 50 | G12: =F12*Inputs!$E$19*$B$3 -> 20 | H12: =IFERROR(C12/E12,0) -> 5 | I12: =Inputs!$B$34 -> 32 | J12: =IFERROR(I12/H12,0) -> 6.4 | K12: =SUM($F$6:F12) -> 336
A13: 3 | B13: =Inputs!B8 -> [Name your channel 2] | C13: =IF($B$2="Best",Inputs!B14,IF($B$2="Worst",Inputs!D14,Inputs!C14)) -> 200 | D13: =C13*Inputs!$B$20 -> 1600 | E13: =D13*Inputs!$C$20*$B$3 -> 160 | F13: =E13*Inputs!$D$20*$B$3 -> 88 | G13: =F13*Inputs!$E$20*$B$3 -> 39.6 | H13: =IFERROR(C13/E13,0) -> 1.25 | I13: =Inputs!$B$34 -> 32 | J13: =IFERROR(I13/H13,0) -> 25.6 | K13: =SUM($F$6:F13) -> 424
A14: 3 | B14: =Inputs!B9 -> [Name your channel 3] | C14: =IF($B$2="Best",Inputs!B15,IF($B$2="Worst",Inputs!D15,Inputs!C15)) -> 100 | D14: =C14*Inputs!$B$21 -> 100 | E14: =D14*Inputs!$C$21*$B$3 -> 10 | F14: =E14*Inputs!$D$21*$B$3 -> 5 | G14: =F14*Inputs!$E$21*$B$3 -> 2 | H14: =IFERROR(C14/E14,0) -> 10 | I14: =Inputs!$B$34 -> 32 | J14: =IFERROR(I14/H14,0) -> 3.2 | K14: =SUM($F$6:F14) -> 429
A15: 4 | B15: =Inputs!B7 -> [Name your channel 1] | C15: =IF($B$2="Best",Inputs!B13,IF($B$2="Worst",Inputs!D13,Inputs!C13)) -> 500 | D15: =C15*Inputs!$B$19 -> 2500 | E15: =D15*Inputs!$C$19*$B$3 -> 100 | F15: =E15*Inputs!$D$19*$B$3 -> 50 | G15: =F15*Inputs!$E$19*$B$3 -> 20 | H15: =IFERROR(C15/E15,0) -> 5 | I15: =Inputs!$B$34 -> 32 | J15: =IFERROR(I15/H15,0) -> 6.4 | K15: =SUM($F$6:F15) -> 479
A16: 4 | B16: =Inputs!B8 -> [Name your channel 2] | C16: =IF($B$2="Best",Inputs!B14,IF($B$2="Worst",Inputs!D14,Inputs!C14)) -> 200 | D16: =C16*Inputs!$B$20 -> 1600 | E16: =D16*Inputs!$C$20*$B$3 -> 160 | F16: =E16*Inputs!$D$20*$B$3 -> 88 | G16: =F16*Inputs!$E$20*$B$3 -> 39.6 | H16: =IFERROR(C16/E16,0) -> 1.25 | I16: =Inputs!$B$34 -> 32 | J16: =IFERROR(I16/H16,0) -> 25.6 | K16: =SUM($F$6:F16) -> 567
A17: 4 | B17: =Inputs!B9 -> [Name your channel 3] | C17: =IF($B$2="Best",Inputs!B15,IF($B$2="Worst",Inputs!D15,Inputs!C15)) -> 100 | D17: =C17*Inputs!$B$21 -> 100 | E17: =D17*Inputs!$C$21*$B$3 -> 10 | F17: =E17*Inputs!$D$21*$B$3 -> 5 | G17: =F17*Inputs!$E$21*$B$3 -> 2 | H17: =IFERROR(C17/E17,0) -> 10 | I17: =Inputs!$B$34 -> 32 | J17: =IFERROR(I17/H17,0) -> 3.2 | K17: =SUM($F$6:F17) -> 572
A18: 5 | B18: =Inputs!B7 -> [Name your channel 1] | C18: =IF($B$2="Best",Inputs!B13,IF($B$2="Worst",Inputs!D13,Inputs!C13)) -> 500 | D18: =C18*Inputs!$B$19 -> 2500 | E18: =D18*Inputs!$C$19*$B$3 -> 100 | F18: =E18*Inputs!$D$19*$B$3 -> 50 | G18: =F18*Inputs!$E$19*$B$3 -> 20 | H18: =IFERROR(C18/E18,0) -> 5 | I18: =Inputs!$B$34 -> 32 | J18: =IFERROR(I18/H18,0) -> 6.4 | K18: =SUM($F$6:F18) -> 622
A19: 5 | B19: =Inputs!B8 -> [Name your channel 2] | C19: =IF($B$2="Best",Inputs!B14,IF($B$2="Worst",Inputs!D14,Inputs!C14)) -> 200 | D19: =C19*Inputs!$B$20 -> 1600 | E19: =D19*Inputs!$C$20*$B$3 -> 160 | F19: =E19*Inputs!$D$20*$B$3 -> 88 | G19: =F19*Inputs!$E$20*$B$3 -> 39.6 | H19: =IFERROR(C19/E19,0) -> 1.25 | I19: =Inputs!$B$34 -> 32 | J19: =IFERROR(I19/H19,0) -> 25.6 | K19: =SUM($F$6:F19) -> 710
A20: 5 | B20: =Inputs!B9 -> [Name your channel 3] | C20: =IF($B$2="Best",Inputs!B15,IF($B$2="Worst",Inputs!D15,Inputs!C15)) -> 100 | D20: =C20*Inputs!$B$21 -> 100 | E20: =D20*Inputs!$C$21*$B$3 -> 10 | F20: =E20*Inputs!$D$21*$B$3 -> 5 | G20: =F20*Inputs!$E$21*$B$3 -> 2 | H20: =IFERROR(C20/E20,0) -> 10 | I20: =Inputs!$B$34 -> 32 | J20: =IFERROR(I20/H20,0) -> 3.2 | K20: =SUM($F$6:F20) -> 715
A21: 6 | B21: =Inputs!B7 -> [Name your channel 1] | C21: =IF($B$2="Best",Inputs!B13,IF($B$2="Worst",Inputs!D13,Inputs!C13)) -> 500 | D21: =C21*Inputs!$B$19 -> 2500 | E21: =D21*Inputs!$C$19*$B$3 -> 100 | F21: =E21*Inputs!$D$19*$B$3 -> 50 | G21: =F21*Inputs!$E$19*$B$3 -> 20 | H21: =IFERROR(C21/E21,0) -> 5 | I21: =Inputs!$B$34 -> 32 | J21: =IFERROR(I21/H21,0) -> 6.4 | K21: =SUM($F$6:F21) -> 765
A22: 6 | B22: =Inputs!B8 -> [Name your channel 2] | C22: =IF($B$2="Best",Inputs!B14,IF($B$2="Worst",Inputs!D14,Inputs!C14)) -> 200 | D22: =C22*Inputs!$B$20 -> 1600 | E22: =D22*Inputs!$C$20*$B$3 -> 160 | F22: =E22*Inputs!$D$20*$B$3 -> 88 | G22: =F22*Inputs!$E$20*$B$3 -> 39.6 | H22: =IFERROR(C22/E22,0) -> 1.25 | I22: =Inputs!$B$34 -> 32 | J22: =IFERROR(I22/H22,0) -> 25.6 | K22: =SUM($F$6:F22) -> 853
A23: 6 | B23: =Inputs!B9 -> [Name your channel 3] | C23: =IF($B$2="Best",Inputs!B15,IF($B$2="Worst",Inputs!D15,Inputs!C15)) -> 100 | D23: =C23*Inputs!$B$21 -> 100 | E23: =D23*Inputs!$C$21*$B$3 -> 10 | F23: =E23*Inputs!$D$21*$B$3 -> 5 | G23: =F23*Inputs!$E$21*$B$3 -> 2 | H23: =IFERROR(C23/E23,0) -> 10 | I23: =Inputs!$B$34 -> 32 | J23: =IFERROR(I23/H23,0) -> 3.2 | K23: =SUM($F$6:F23) -> 858
A24: TOTAL | C24: =SUM(C6:C23) -> 4800 | D24: =SUM(D6:D23) -> 25200 | E24: =SUM(E6:E23) -> 1620 | F24: =SUM(F6:F23) -> 858 | G24: =SUM(G6:G23) -> 369.6 | H24: =IFERROR(C24/E24,0) -> 2.962963 | I24: =Inputs!$B$34 -> 32 | J24: =IFERROR(I24/H24,0) -> 10.8 | K24: =SUM($F$6:F23) -> 858

Sheet Output
A1: Output Summary
A3: Active Scenario: | B3: =Inputs!B3 -> Expected
A5: Month | B5: Total Spend ($) | C5: Total Signups | D5: Total Activated | E5: Cumulative Activated
A6: 1 | B6: =SUM(Calculations!C6:C8) -> 800 | C6: =SUM(Calculations!E6:E8) -> 270 | D6: =SUM(Calculations!F6:F8) -> 143 | E6: =SUM(D$6:D6) -> 143
A7: 2 | B7: =SUM(Calculations!C9:C11) -> 800 | C7: =SUM(Calculations!E9:E11) -> 270 | D7: =SUM(Calculations!F9:F11) -> 143 | E7: =SUM(D$6:D7) -> 286
A8: 3 | B8: =SUM(Calculations!C12:C14) -> 800 | C8: =SUM(Calculations!E12:E14) -> 270 | D8: =SUM(Calculations!F12:F14) -> 143 | E8: =SUM(D$6:D8) -> 429
A9: 4 | B9: =SUM(Calculations!C15:C17) -> 800 | C9: =SUM(Calculations!E15:E17) -> 270 | D9: =SUM(Calculations!F15:F17) -> 143 | E9: =SUM(D$6:D9) -> 572
A10: 5 | B10: =SUM(Calculations!C18:C20) -> 800 | C10: =SUM(Calculations!E18:E20) -> 270 | D10: =SUM(Calculations!F18:F20) -> 143 | E10: =SUM(D$6:D10) -> 715
A11: 6 | B11: =SUM(Calculations!C21:C23) -> 800 | C11: =SUM(Calculations!E21:E23) -> 270 | D11: =SUM(Calculations!F21:F23) -> 143 | E11: =SUM(D$6:D11) -> 858
A14: Headline Numbers (6-month totals)
A15: Total spend ($) | B15: =SUM(B6:B11) -> 4800
A16: Total signups | B16: =SUM(C6:C11) -> 1620
A17: Total activated users | B17: =SUM(D6:D11) -> 858
A18: Blended CAC ($) | B18: =IFERROR(B15/B16,0) -> 2.962963
A19: LTV ($) | B19: =Inputs!$B$34 -> 32
A20: Blended LTV:CAC ratio | B20: =IFERROR(B19/B18,0) -> 10.8
A21: Healthy ratio threshold | B21: 3
A22: Status | B22: =IF(B20>=B21,"HEALTHY",IF(B20>=1,"BORDERLINE","UNHEALTHY")) -> HEALTHY
